name;description;parent;sort
Shinsengumi;test;0;0
ShinsengumiII;yippieyo yippeyee;0;0
ShinsengumiIII;yippieyo yippeyee;0;0
ShinsengumiIV;yippieyo yippeyee;0;0
ShinsengumiV;yippieyo yippeyee;0;0
ShinsengumiVI;yippieyo yippeyee;0;0
ShinsengumiVII;yippieyo yippeyee;0;0
ShinsengumiVIII;yippieyo yippeyee;0;0
ShinsengumiIX;yippieyo yippeyee;0;0
ShinsengumiX;yippieyo yippeyee;0;0
ShinsengumiXI;yippieyo yippeyee;0;0
ShinsengumiXII;yippieyo yippeyee;0;0
ShinsengumiXIII;yippieyo yippeyee;0;0
ShinsengumiXIV;yippieyo yippeyee;0;0
ShinsengumiXV;yippieyo yippeyee;0;0
ShinsengumiXVI;yippieyo yippeyee;0;0
ShinsengumiXVII;yippieyo yippeyee;0;0
ShinsengumiXVIII;yippieyo yippeyee;0;0
ShinsengumiXIX;yippieyo yippeyee;0;0
ShinsengumiXX;yippieyo yippeyee;0;0
ShinsengumiXXI;yippieyo yippeyee;0;0
ShinsengumiXXII;yippieyo yippeyee;0;0
ShinsengumiXXIII;yippieyo yippeyee;0;0
ShinsengumiXXIV;yippieyo yippeyee;0;0
ShinsengumiXXV;yippieyo yippeyee;0;0
ShinsengumiXXVI;yippieyo yippeyee;0;0
ShinsengumiXXVII;yippieyo yippeyee;0;0
ShinsengumiXXVIII;yippieyo yippeyee;0;0
ShinsengumiXXIX;yippieyo yippeyee;0;0
ShinsengumiXXX;yippieyo yippeyee;0;0