id;name;description;parent;sort
91;Shinsengumi;test;0;0
92;ShinsengumiII;G-unit;0;0
93;ShinsengumiIII;G-unit;0;0
94;ShinsengumiIV;G-unit;0;0
95;ShinsengumiV;G-unit;0;0
96;ShinsengumiVI;G-unit;0;0
97;ShinsengumiVII;G-unit;0;0
98;ShinsengumiVIII;G-unit;0;0
99;ShinsengumiIX;G-unit;0;0
100;ShinsengumiX;G-unit;0;0
101;ShinsengumiXI;G-unit;0;0
102;ShinsengumiXII;G-unit;0;0
103;ShinsengumiXIII;G-unit;0;0
104;ShinsengumiXIV;G-unit;0;0
105;ShinsengumiXV;G-unit;0;0
106;ShinsengumiXVI;G-unit;0;0
107;ShinsengumiXVII;G-unit;0;0
108;ShinsengumiXVIII;G-unit;0;0
109;ShinsengumiXIX;G-unit;0;0
110;ShinsengumiXX;G-unit;0;0
111;ShinsengumiXXI;G-unit;0;0
112;ShinsengumiXXII;G-unit;0;0
113;ShinsengumiXXIII;G-unit;0;0
114;ShinsengumiXXIV;G-unit;0;0
115;ShinsengumiXXV;G-unit;0;0
116;ShinsengumiXXVI;G-unit;0;0
117;ShinsengumiXXVII;G-unit;0;0
118;ShinsengumiXXVIII;G-unit;0;0
119;ShinsengumiXXIX;G-unit;0;0
120;ShinsengumiXXX;G-unit;0;0
